{
    "value": [
        {
            "datastore": "datastore-1644",
            "name": "local",
            "type": "VMFS",
            "free_space": 13523484672,
            "capacity": 15032385536
        },
        {
            "datastore": "datastore-1645",
            "name": "ro_datastore",
            "type": "NFS",
            "free_space": 24638349312,
            "capacity": 26831990784
        },
        {
            "datastore": "datastore-1646",
            "name": "rw_datastore",
            "type": "NFS",
            "free_space": 24638349312,
            "capacity": 26831990784
        }
    ],
    "changed": false
}